file,format,size_bytes,pages,elapsed_ms,chars,words,status,error,tables_found
150109DSP-Milw-505-90D.pdf,pdf,30255,2,662.7,6859,1052,ok,,5
2023-06-20-PV.pdf,pdf,35535,2,151.1,2013,318,ok,,0
annotations-rotated-180.pdf,pdf,170175,1,207.5,19,4,ok,,0
annotations-rotated-270.pdf,pdf,170175,1,137.0,19,4,ok,,0
annotations-rotated-90.pdf,pdf,170174,1,145.1,19,4,ok,,0
annotations-unicode-issues.pdf,pdf,57927,1,9.1,66,11,ok,,0
annotations.pdf,pdf,132177,1,140.8,19,4,ok,,0
chelsea_pdta.pdf,pdf,2944560,65,23583.9,117132,13147,ok,,92
cupertino_usd_4-6-16.pdf,pdf,80578,1,173.2,2917,481,ok,,0
extra-attrs-example.pdf,pdf,15170,1,416.8,13,1,ok,,0
federal-register-2020-17221.pdf,pdf,713992,15,3548.3,58574,8958,ok,,1
figure_structure.pdf,pdf,24694,1,33.0,1018,27,ok,,1
hello_structure.pdf,pdf,2817,2,663.5,54,9,ok,,0
image_structure.pdf,pdf,45966,1,142.6,38,7,ok,,0
issue-1054-example.pdf,pdf,15374,1,17.9,230,32,ok,,0
issue-1114-dedupe-chars.pdf,pdf,43483,1,17.2,128,19,ok,,0
issue-1147-example.pdf,pdf,1826244,1,556.4,2960,108,ok,,2
issue-1181.pdf,pdf,13437,2,56.5,652,24,ok,,4
issue-1279-example.pdf,pdf,37214,1,263.1,3886,388,ok,,8
issue-13-151201DSP-Fond-581-90D.pdf,pdf,108121,2,321.5,7405,1115,ok,,3
issue-140-example.pdf,pdf,5251,1,135.3,2597,124,ok,,5
issue-192-example.pdf,pdf,169520,1,303.7,4005,279,ok,,1
issue-203-decimalize.pdf,pdf,137384,3,1359.9,0,0,ok,,0
issue-297-example.pdf,pdf,519,1,104.8,0,0,ok,,0
issue-316-example.pdf,pdf,138691,17,2485.4,48653,7635,ok,,0
issue-33-lorem-ipsum.pdf,pdf,60367,2,275.8,6835,677,ok,,2
issue-336-example.pdf,pdf,650330,1,336.0,2264,153,ok,,3
issue-461-example.pdf,pdf,154889,1,95.4,1092,137,ok,,1
issue-463-example.pdf,pdf,88676,3,202.7,1777,253,ok,,3
issue-466-example.pdf,pdf,13569,1,44.1,822,87,ok,,2
issue-53-example.pdf,pdf,133586,5,781.3,14571,1041,ok,,5
issue-598-example.pdf,pdf,504551,1,304.9,1423,226,ok,,0
issue-67-example.pdf,pdf,238143,22,3710.4,27944,1260,ok,,26
issue-71-duplicate-chars-2.pdf,pdf,541788,20,5458.0,50341,6125,ok,,14
issue-71-duplicate-chars.pdf,pdf,72467,2,243.5,2737,82,ok,,2
issue-842-example.pdf,pdf,287855,1,106.1,396,59,ok,,0
issue-848.pdf,pdf,71805,8,745.6,23540,2016,ok,,12
issue-90-example.pdf,pdf,98330,1,263.4,2072,413,ok,,0
issue-905.pdf,pdf,13656,1,100.3,2,1,ok,,0
issue-912.pdf,pdf,1202189,2,169.5,971,169,ok,,0
issue-982-example.pdf,pdf,1029061,8,1089.0,28776,4507,ok,,0
issue-987-test.pdf,pdf,8805,1,391.3,17,4,ok,,0
la-precinct-bulletin-2014-p1.pdf,pdf,20188,1,99.0,4365,403,ok,,1
line-char-render-example.pdf,pdf,13649,1,105.1,30,6,ok,,0
malformed-from-issue-932.pdf,pdf,61037,1,233.1,9,3,ok,,0
mcid_example.pdf,pdf,24694,1,32.7,1018,27,ok,,1
nics-background-checks-2015-11-rotated.pdf,pdf,90415,1,1263.8,12378,1504,ok,,1
nics-background-checks-2015-11.pdf,pdf,90468,1,480.5,12394,1504,ok,,1
page-boxes-example.pdf,pdf,1270,1,95.3,28,4,ok,,0
password-example.pdf,pdf,49755,0,0.5,0,0,error,EncryptedPDFError: EncryptedPDFError: password-example.pdf is password-protected and cannot be processed (file: password-example.pdf),0
pdf_structure.pdf,pdf,34467,1,55.0,1098,178,ok,,0
pdffill-demo.pdf,pdf,108017,7,290.7,1520,270,ok,,0
pr-136-example.pdf,pdf,3388137,6,1904.4,5230,348,ok,,0
pr-138-example.pdf,pdf,89950,2,888.3,17652,1834,ok,,4
pr-88-example.pdf,pdf,95332,1,97.9,207,25,ok,,0
real_research_paper.pdf,pdf,1347542,14,4338.9,34136,4500,ok,,0
scotus-transcript-p1.pdf,pdf,84509,1,209.7,620,147,ok,,0
senate-expenditures.pdf,pdf,53481,1,382.6,8662,637,ok,,1
table-curves-example.pdf,pdf,153741,1,162.9,4133,255,ok,,1
test-punkt.pdf,pdf,14806,4,338.6,101,10,ok,,0
WARN-Report-for-7-1-2015-to-03-25-2016.pdf,pdf,478619,16,13531.7,133712,7240,ok,,17
word365_structure.pdf,pdf,99253,1,48.6,387,37,ok,,1
